datetime,T1,T2,T3,T4,P1,P2
12/15/2015 16:20,23.8,23.9,23.7,23.8,8.3,9.6
12/15/2015 16:21,23.2,22.8,23.2,23,18.8,16
12/15/2015 16:22,22.4,22.6,22.8,22.4,21.1,16.3
12/15/2015 16:23,22.2,22,22.4,22.4,23.1,15.9
12/15/2015 16:24,22.2,22.3,22.2,21.8,24.7,14.8
12/15/2015 16:25,22.2,22,22,21.9,26,12.9
12/15/2015 16:26,22.1,22.1,22,21.7,26.8,10.6
12/15/2015 16:27,22.2,21.9,21.8,21.6,27.3,7.9
12/15/2015 16:28,22,22,22.2,21.9,27.5,5.1
12/15/2015 16:29,21.9,21.9,22.1,22.1,27.3,2.2
12/15/2015 16:30,22.2,22.1,22.1,21.7,26.9,-1.3
12/15/2015 16:31,21.9,21.6,21.8,21.8,26.3,-4.9
12/15/2015 16:32,21.8,21.6,21.9,21.8,25.4,-8.1
12/15/2015 16:33,22,22,21.8,21.7,24.4,-11.5
12/15/2015 16:34,22.1,21.9,22.2,22,23.1,-15.2
12/15/2015 16:35,21.7,21.5,21.6,21.7,21.8,-19
12/15/2015 16:36,22,21.8,21.8,21.8,20.5,-22.5
12/15/2015 16:37,21.9,21.7,21.8,21.7,19,-25.9
12/15/2015 16:38,22.2,22,22.2,22.1,17.3,-29.7
12/15/2015 16:39,21.7,21.6,21.8,21.6,15.4,-33.2
12/15/2015 16:40,22,21.7,21.8,21.8,13.6,-36.4
12/15/2015 16:41,22,21.9,22,21.9,11.7,-39.5
12/15/2015 16:42,21.7,21.6,21.7,21.6,9.5,-42.9
12/15/2015 16:43,21.7,21.6,21.7,21.6,7.2,-46
12/15/2015 16:44,22.1,22,22.2,21.9,5.1,-48.8
12/15/2015 16:45,21.9,21.7,21.9,21.7,2.9,-51.5
12/15/2015 16:46,21.9,21.8,22,21.9,0.6,-54.5
12/15/2015 16:47,22.1,21.9,21.9,21.6,-1.7,-57.4
12/15/2015 16:48,21.8,21.7,21.9,21.6,-4,-60.2
12/15/2015 16:49,21.9,21.6,21.6,21.5,-6.1,-62.6
12/15/2015 16:50,21.8,21.6,21.7,21.5,-8.1,-64.8
12/15/2015 16:51,22.1,21.9,21.9,21.7,-10.3,-67.2
12/15/2015 16:52,21.9,21.9,21.7,21.6,-12.8,-69.5
12/15/2015 16:53,21.5,21.5,21.8,21.5,-15,-71.3
12/15/2015 16:54,21.7,21.6,21.6,21.4,-17.3,-73.1
12/15/2015 16:55,21.6,21.4,21.6,21.6,-19.7,-75.1
12/15/2015 16:56,21.5,21.6,21.9,21.8,-21.9,-77
12/15/2015 16:57,21.7,21.5,21.7,21.7,-24,-78.6
12/15/2015 16:58,21.9,21.7,21.7,21.5,-26.1,-80.1
12/15/2015 16:59,21.7,21.6,21.7,21.5,-28.3,-81.7
12/15/2015 17:00,21.9,21.7,21.8,21.6,-30.5,-83.2
12/15/2015 17:01,21.7,21.6,21.7,21.6,-32.5,-84.4
12/15/2015 17:02,21.9,21.7,21.9,21.6,-34.4,-85.7
12/15/2015 17:03,21.7,21.5,21.5,21.6,-36.4,-86.9
12/15/2015 17:04,21.9,21.7,21.7,21.4,-38.5,-88.2
12/15/2015 17:05,21.4,21.4,21.8,21.6,-40.3,-89.1
12/15/2015 17:06,21.5,21.4,21.5,21.6,-42.2,-90.1
12/15/2015 17:07,21.8,21.6,21.8,21.5,-44,-91.1
12/15/2015 17:08,21.8,21.7,22,21.9,-45.9,-92.1
12/15/2015 17:09,21.7,21.7,21.9,21.5,-47.7,-93.1
12/15/2015 17:10,21.9,21.8,21.8,21.4,-49.4,-93.7
12/15/2015 17:11,21.7,21.8,21.8,21.5,-51.1,-94.6
12/15/2015 17:12,21.7,21.7,22,21.8,-52.8,-95.4
12/15/2015 17:13,21.5,21.6,21.7,21.7,-54.4,-96.1
12/15/2015 17:14,21.8,21.6,21.8,21.6,-55.9,-96.7
12/15/2015 17:15,21.6,21.6,22,21.7,-57.3,-97.3
12/15/2015 17:16,21.5,21.4,21.7,21.7,-58.6,-98
12/15/2015 17:17,21.6,21.9,21.8,21.8,-60.1,-98.7
12/15/2015 17:18,21.8,21.7,22,21.7,-61.4,-99.2
12/15/2015 17:19,21.5,21.5,21.8,21.7,-62.6,-99.7
12/15/2015 17:20,21.5,21.6,21.9,21.8,-63.8,-100.2
12/15/2015 17:21,21.8,21.5,21.8,21.5,-65.1,-100.8
12/15/2015 17:22,21.4,21.6,21.9,21.7,-66,-101.2
12/15/2015 17:23,21.9,21.7,21.5,21.3,-67,-101.7
12/15/2015 17:24,21.6,21.6,21.8,21.8,-68.1,-102.1
12/15/2015 17:25,21.5,21.6,21.7,21.6,-69.2,-102.7
12/15/2015 17:26,21.7,21.7,21.9,21.7,-70,-103
12/15/2015 17:27,21.9,21.5,21.6,21.3,-70.8,-103.4
12/15/2015 17:28,21.6,21.8,21.9,21.6,-71.7,-103.8
12/15/2015 17:29,21.4,21.8,22,21.8,-72.6,-104.3
12/15/2015 17:30,21.9,21.5,21.4,21.5,-73.5,-104.7
12/15/2015 17:31,21.8,21.6,21.7,21.5,-74.2,-105
12/15/2015 17:32,21.6,21.6,21.9,21.8,-74.9,-105.3
12/15/2015 17:33,21.6,21.5,21.7,21.5,-75.7,-105.6
12/15/2015 17:34,21.4,21.6,21.7,21.6,-76.4,-106
12/15/2015 17:35,21.7,21.6,21.8,21.6,-77,-106.3
12/15/2015 17:36,21.5,21.4,21.6,21.6,-77.6,-106.6
12/15/2015 17:37,21.6,21.2,21.5,21.6,-78.3,-106.9
12/15/2015 17:38,21.7,21.6,21.6,21.5,-78.9,-107.2
12/15/2015 17:39,21.7,21.4,21.5,21.4,-79.4,-107.4
12/15/2015 17:40,21.6,21.7,21.8,21.3,-79.8,-107.7
12/15/2015 17:41,21.8,21.5,21.5,21.4,-80.4,-108.1
12/15/2015 17:42,21.6,21.5,21.6,21.4,-80.9,-108.3
12/15/2015 17:43,21.7,21.5,21.7,21.5,-81.5,-108.5
12/15/2015 17:44,21.4,21.4,21.6,21.6,-81.9,-108.8
12/15/2015 17:45,21.8,21.6,21.5,21.2,-82.4,-109.1
12/15/2015 17:46,21.5,21.5,21.6,21.5,-82.9,-109.4
12/15/2015 17:47,21.3,21.3,21.7,21.6,-83.3,-109.5
12/15/2015 17:48,21.6,21.5,21.5,21.4,-83.7,-109.7
12/15/2015 17:49,21.2,21.2,21.6,21.5,-84,-110
12/15/2015 17:50,21.5,21.5,21.5,21.1,-84.5,-110.2
12/15/2015 17:51,21.8,21.5,21.4,21.1,-84.8,-110.3
12/15/2015 17:52,21.3,21.5,21.6,21.3,-85.1,-110.5
12/15/2015 17:53,21.5,21.5,21.5,21.2,-85.6,-110.8
12/15/2015 17:54,21.5,21.4,21.5,21.4,-86,-111
12/15/2015 17:55,21.6,21.3,21.2,21.2,-86.4,-111.2
12/15/2015 17:56,21.7,21.7,21.6,21,-86.6,-111.3
12/15/2015 17:57,21.7,21.5,21.3,21.2,-86.9,-111.5
12/15/2015 17:58,21.3,21.2,21.5,21.4,-87.3,-111.8
12/15/2015 17:59,21.6,21.4,21.2,21.2,-87.6,-112
12/15/2015 18:00,21.6,21.4,21.3,21.2,-87.8,-112
12/15/2015 18:01,21.2,21.4,21.6,21.3,-88,-112.2
12/15/2015 18:02,21.4,21.5,21.5,21.3,-88.4,-112.5
12/15/2015 18:03,21.7,21.4,21.3,21.2,-88.7,-112.7
12/15/2015 18:04,21.5,21.4,21.5,21.3,-88.9,-112.8
12/15/2015 18:05,21.1,21.1,21.5,21.1,-89.2,-113
12/15/2015 18:06,21.5,21.2,21.4,21.2,-89.4,-113.1
12/15/2015 18:07,21.5,21.2,21.2,21.1,-89.7,-113.3
12/15/2015 18:08,21.2,21.5,21.4,21.2,-89.9,-113.3
12/15/2015 18:09,21,21.1,21.5,21.3,-90.2,-113.5
12/15/2015 18:10,21.2,21.1,21.5,21.2,-90.5,-113.7
12/15/2015 18:11,21.2,21.3,21.3,21.2,-90.8,-113.9
12/15/2015 18:12,21.4,21.3,21.2,21.1,-91.1,-114
12/15/2015 18:13,21.4,21.1,21.2,21.3,-91.3,-114.1
12/15/2015 18:14,21.4,21.1,21.5,21.4,-91.5,-114.3
12/15/2015 18:15,21.6,21.1,21.2,21.3,-91.8,-114.5
12/15/2015 18:16,21.3,21.2,21.4,21.2,-92.1,-114.6
12/15/2015 18:17,20.9,21.1,21.5,21.3,-92.2,-114.6
12/15/2015 18:18,21.5,21.3,21.1,21,-92.4,-114.8
12/15/2015 18:19,21.3,21.2,21.4,21.2,-92.7,-114.9
12/15/2015 18:20,21.2,21.2,21.3,21.2,-92.9,-115.1
12/15/2015 18:21,21.4,21.2,21.3,21.1,-93,-115.1
12/15/2015 18:22,21.4,21.3,21.1,21.2,-93.2,-115.3
12/15/2015 18:23,21.3,21.2,21.3,21.1,-93.4,-115.4
12/15/2015 18:24,21.2,21,21.3,21,-93.6,-115.6
12/15/2015 18:25,20.8,21.2,21.5,20.9,-93.7,-115.6
12/15/2015 18:26,21.4,21.4,21.1,20.8,-93.9,-115.7
12/15/2015 18:27,20.9,21.3,21.5,20.9,-94.1,-115.9
12/15/2015 18:28,21,21,21.2,21.2,-94.3,-116
12/15/2015 18:29,20.8,21.1,21.5,21.1,-94.4,-116
12/15/2015 18:30,21,20.8,21.1,21.3,-94.6,-116.2
12/15/2015 18:31,21.3,20.9,21.1,21.2,-94.8,-116.3
12/15/2015 18:32,21,20.8,21.1,21.2,-95,-116.5
12/15/2015 18:33,21.4,21,21,21,-95,-116.5
12/15/2015 18:34,21.2,21.1,21.1,21,-95.2,-116.6
12/15/2015 18:35,21,21,21.4,21.2,-95.3,-116.8
12/15/2015 18:36,21.2,21.3,21.3,21,-95.6,-116.9
12/15/2015 18:37,21.3,21.1,21.1,21.1,-95.7,-117
12/15/2015 18:38,21.2,20.9,21.2,21,-95.8,-116.9
12/15/2015 18:39,21,21.1,21.2,21,-96,-117
12/15/2015 18:40,21.3,21.1,21.2,21,-96.1,-117.2
12/15/2015 18:41,21.3,21.1,21,21,-96.3,-117.4
12/15/2015 18:42,21.5,21,21.1,21.2,-96.3,-117.3
12/15/2015 18:43,20.8,20.8,21.3,21.3,-96.4,-117.4
12/15/2015 18:44,21.2,21,21.3,21,-96.6,-117.6
12/15/2015 18:45,20.9,21,21.1,20.8,-96.8,-117.7
12/15/2015 18:46,20.9,20.9,21,20.8,-96.9,-117.7
12/15/2015 18:47,21.1,20.9,20.9,21.1,-96.9,-117.8
12/15/2015 18:48,21.3,21,20.9,20.9,-97,-117.8
12/15/2015 18:49,20.9,20.7,21,21.2,-97.2,-118
12/15/2015 18:50,21.1,21,21.1,20.9,-97.2,-118
12/15/2015 18:51,21.1,21,20.9,21,-97.3,-118
12/15/2015 18:52,21.1,20.9,21,21,-97.4,-118.2
12/15/2015 18:53,21.2,20.9,20.8,20.9,-97.6,-118.4
12/15/2015 18:54,21.3,21,21,21.1,-97.6,-118.3
12/15/2015 18:55,21.1,21.1,20.9,20.7,-97.7,-118.4
12/15/2015 18:56,21.1,20.9,21,20.9,-97.9,-118.5
12/15/2015 18:57,21.1,21,20.9,21,-98,-118.7
12/15/2015 18:58,21.1,21,20.9,21,-98.2,-118.7
12/15/2015 18:59,21,20.9,21,21,-98.2,-118.6
12/15/2015 19:00,21.1,20.9,21,20.9,-98.3,-118.7
12/15/2015 19:01,21.1,21,21.1,20.8,-98.4,-118.8
12/15/2015 19:02,21.2,21.2,20.8,20.8,-98.5,-119
12/15/2015 19:03,21.2,21,21,20.9,-98.5,-118.9
12/15/2015 19:04,21,21,20.9,20.7,-98.6,-119.1
12/15/2015 19:05,21.1,20.8,21,21.1,-98.8,-119.1
12/15/2015 19:06,21.4,21.1,20.7,21.1,-98.9,-119.2
12/15/2015 19:07,21.3,21.1,20.8,20.8,-98.9,-119.1
12/15/2015 19:08,21,20.6,21.1,21.2,-99.1,-119.2
12/15/2015 19:09,21,20.8,21.1,20.9,-99.2,-119.4
12/15/2015 19:10,21,20.7,20.8,20.9,-99.2,-119.5
12/15/2015 19:11,20.7,20.7,20.9,21,-99.3,-119.5
12/15/2015 19:12,20.9,20.8,20.9,20.8,-99.4,-119.5
12/15/2015 19:13,20.9,20.8,20.9,20.7,-99.5,-119.7
12/15/2015 19:14,20.9,20.7,21,20.9,-99.6,-119.8
12/15/2015 19:15,21.3,20.9,20.6,20.9,-99.6,-119.7
12/15/2015 19:16,20.7,20.7,21,20.7,-99.7,-119.8
12/15/2015 19:17,21,21,20.7,20.8,-99.8,-119.9
12/15/2015 19:18,21,20.8,20.7,20.7,-99.9,-120.1
12/15/2015 19:19,20.8,20.7,20.8,20.8,-100,-120.1
12/15/2015 19:20,20.8,21.1,20.8,20.6,-100,-120
12/15/2015 19:21,20.9,20.6,20.8,20.9,-100.1,-120.1
12/15/2015 19:22,20.6,20.7,21.1,20.7,-100.1,-120.2
12/15/2015 19:23,20.7,20.7,20.9,20.7,-100.2,-120.3
12/15/2015 19:24,20.7,20.6,20.9,21,-100.3,-120.2
12/15/2015 19:25,21.1,20.7,20.6,20.9,-100.4,-120.3
12/15/2015 19:26,20.7,20.8,20.9,20.7,-100.5,-120.4
12/15/2015 19:27,20.9,20.7,20.8,20.9,-100.6,-120.5
12/15/2015 19:28,20.7,20.8,20.9,20.7,-100.6,-120.4
12/15/2015 19:29,20.9,20.9,20.7,20.7,-100.6,-120.5
12/15/2015 19:30,21.1,20.7,20.7,20.8,-100.8,-120.7
12/15/2015 19:31,20.7,20.7,21,20.7,-100.8,-120.7
12/15/2015 19:32,20.9,20.8,20.8,20.7,-100.8,-120.7
12/15/2015 19:33,20.9,21,20.7,20.6,-100.9,-120.7
12/15/2015 19:34,20.7,20.8,20.9,20.7,-101.1,-120.8
12/15/2015 19:35,20.8,20.8,20.8,20.7,-101.1,-120.9
12/15/2015 19:36,20.8,20.8,20.8,20.7,-101.1,-120.8
12/15/2015 19:37,20.9,20.9,20.8,20.7,-101.2,-120.9
12/15/2015 19:38,20.9,20.7,20.7,20.7,-101.3,-121
12/15/2015 19:39,20.7,20.8,21,20.6,-101.4,-121.1
12/15/2015 19:40,20.9,20.8,20.8,20.7,-101.4,-121
12/15/2015 19:41,20.9,20.6,20.7,20.8,-101.4,-121.1
12/15/2015 19:42,20.8,20.5,20.6,20.7,-101.5,-121.2
12/15/2015 19:43,20.8,20.6,20.7,20.5,-101.6,-121.3
12/15/2015 19:44,20.7,20.6,20.7,20.5,-101.7,-121.4
12/15/2015 19:45,20.7,20.7,20.6,20.8,-101.7,-121.3
12/15/2015 19:46,20.6,20.7,20.8,20.4,-101.7,-121.4
12/15/2015 19:47,20.7,20.7,20.8,20.7,-101.8,-121.4
12/15/2015 19:48,20.8,20.4,20.8,20.5,-101.9,-121.4
12/15/2015 19:49,20.7,20.5,20.8,20.4,-102,-121.4
12/15/2015 19:50,20.7,20.6,21,20.4,-102,-121.4
12/15/2015 19:51,20.4,20.9,21,20.3,-102.1,-121.5
12/15/2015 19:52,20.8,20.7,20.5,20.6,-102.1,-121.6
12/15/2015 19:53,20.7,20.7,20.8,20.7,-102.1,-121.5
12/15/2015 19:54,20.9,20.7,20.6,20.7,-102.1,-121.6
12/15/2015 19:55,20.8,20.6,20.8,20.7,-102.3,-121.7
12/15/2015 19:56,20.8,20.6,20.7,20.7,-102.4,-121.7
12/15/2015 19:57,20.7,20.9,20.6,20.6,-102.4,-121.7
12/15/2015 19:58,20.7,20.7,20.6,20.6,-102.4,-121.7
12/15/2015 19:59,20.7,20.7,20.8,20.7,-102.5,-121.8
12/15/2015 20:00,20.6,20.7,20.7,20.5,-102.5,-121.9
12/15/2015 20:01,20.7,20.7,20.8,20.6,-102.5,-121.8
12/15/2015 20:02,20.4,20.7,20.9,20.5,-102.6,-121.9
12/15/2015 20:03,20.9,20.8,20.4,20.7,-102.7,-122
12/15/2015 20:04,20.7,20.4,20.9,20.6,-102.7,-122
12/15/2015 20:05,20.8,20.7,20.8,20.7,-102.8,-122.1
12/15/2015 20:06,20.7,20.6,20.9,20.5,-102.7,-122
12/15/2015 20:07,20.7,20.7,20.7,20.6,-102.7,-122
12/15/2015 20:08,20.8,20.7,20.6,20.6,-102.9,-122.1
12/15/2015 20:09,20.7,20.5,20.7,20.7,-102.9,-122.2
12/15/2015 20:10,20.8,20.5,20.8,20.6,-103,-122.1
12/15/2015 20:11,20.7,20.7,20.6,20.7,-102.9,-122.2
12/15/2015 20:12,20.8,20.6,20.9,20.6,-103,-122.3
12/15/2015 20:13,20.8,20.7,20.7,20.6,-103.1,-122.3
12/15/2015 20:14,20.9,20.7,20.8,20.7,-103,-122.3
12/15/2015 20:15,20.7,20.7,20.7,20.6,-103.1,-122.3
12/15/2015 20:16,20.7,20.7,20.7,20.6,-103.2,-122.3
12/15/2015 20:17,21,20.7,21.1,20.6,-103.3,-122.5
12/15/2015 20:18,20.9,20.7,20.8,20.6,-103.3,-122.3
12/15/2015 20:19,20.9,20.6,20.8,20.7,-103.3,-122.4
12/15/2015 20:20,20.6,20.8,20.6,20.8,-103.4,-122.5
12/15/2015 20:21,20.7,20.7,20.8,20.7,-103.4,-122.6
12/15/2015 20:22,20.6,20.7,20.6,20.7,-103.4,-122.5
12/15/2015 20:23,20.6,20.7,20.5,20.6,-103.4,-122.6
12/15/2015 20:24,20.5,20.7,20.5,20.7,-103.5,-122.7
12/15/2015 20:25,20.5,20.7,20.6,20.7,-103.6,-122.7
12/15/2015 20:26,20.7,20.6,20.7,20.6,-103.7,-122.8
12/15/2015 20:27,20.7,20.7,20.6,20.6,-103.7,-122.7
12/15/2015 20:28,20.9,20.6,20.8,20.6,-103.7,-122.7
12/15/2015 20:29,20.7,20.5,20.7,20.5,-103.7,-122.8
12/15/2015 20:30,20.5,20.7,20.4,20.7,-103.8,-122.9
12/15/2015 20:31,20.7,20.7,20.7,20.5,-103.7,-122.7
12/15/2015 20:32,20.8,20.6,20.8,20.5,-103.8,-122.8
12/15/2015 20:33,20.8,20.5,20.8,20.4,-103.9,-122.9
12/15/2015 20:34,20.7,20.7,20.7,20.6,-104,-123
12/15/2015 20:35,20.7,20.5,20.7,20.5,-103.9,-122.9
12/15/2015 20:36,20.8,20.7,20.7,20.5,-104,-123
12/15/2015 20:37,20.8,20.6,20.7,20.5,-104,-123
12/15/2015 20:38,20.9,20.4,20.9,20.4,-104,-123.1
12/15/2015 20:39,20.7,20.5,20.7,20.6,-104,-123
12/15/2015 20:40,20.4,20.7,20.4,20.7,-104.1,-123
12/15/2015 20:41,20.9,20.7,20.7,20.6,-104.1,-123.1
12/15/2015 20:42,20.7,20.6,20.6,20.5,-104.2,-123.1
12/15/2015 20:43,20.8,20.4,20.8,20.5,-104.2,-123.1
12/15/2015 20:44,20.8,20.7,20.7,20.6,-104.2,-123.1
12/15/2015 20:45,20.7,20.6,20.6,20.7,-104.3,-123.3
12/15/2015 20:46,20.7,20.6,20.6,20.4,-104.4,-123.3
12/15/2015 20:47,20.6,20.4,20.6,20.5,-104.4,-123.3
12/15/2015 20:48,20.5,20.6,20.7,20.4,-104.4,-123.2
12/15/2015 20:49,20.4,20.7,20.7,20.5,-104.4,-123.3
12/15/2015 20:50,20.6,20.5,20.7,20.3,-104.5,-123.3
12/15/2015 20:51,20.5,20.6,20.7,20.4,-104.5,-123.4
12/15/2015 20:52,20.6,20.7,20.6,20.6,-104.4,-123.3
12/15/2015 20:53,20.6,20.4,20.7,20.5,-104.5,-123.3
12/15/2015 20:54,20.6,20.7,20.5,20.6,-104.6,-123.4
12/15/2015 20:55,20.5,20.6,20.6,20.6,-104.6,-123.5
12/15/2015 20:56,20.3,20.7,20.3,20.5,-104.6,-123.4
12/15/2015 20:57,20.5,20.6,20.7,20.6,-104.6,-123.4
12/15/2015 20:58,20.5,20.5,20.7,20.3,-104.6,-123.5
12/15/2015 20:59,20.5,20.7,20.6,20.6,-104.6,-123.6
12/15/2015 21:00,20.3,20.5,20.7,20.3,-104.6,-123.5
12/15/2015 21:01,20.7,20.5,20.6,20.6,-104.6,-123.5
12/15/2015 21:02,20.7,20.5,20.7,20.6,-104.7,-123.6
12/15/2015 21:03,20.7,20.6,20.6,20.6,-104.8,-123.6
12/15/2015 21:04,20.5,20.6,20.5,20.6,-104.8,-123.6
12/15/2015 21:05,20.5,20.7,20.6,20.4,-104.8,-123.6
12/15/2015 21:06,20.7,20.4,20.7,20.6,-104.9,-123.7
12/15/2015 21:07,20.7,20.5,20.7,20.4,-105,-123.8
12/15/2015 21:08,20.8,20.4,20.7,20.4,-105,-123.8
12/15/2015 21:09,20.5,20.7,20.7,20.5,-105,-123.6
12/15/2015 21:10,20.8,20.5,20.7,20.7,-105,-123.7
12/15/2015 21:11,20.5,20.7,20.4,20.5,-105,-123.8
12/15/2015 21:12,20.5,20.6,20.6,20.5,-105.1,-123.8
12/15/2015 21:13,20.6,20.5,20.7,20.5,-105,-123.7
12/15/2015 21:14,20.4,20.7,20.6,20.5,-105,-123.8
12/15/2015 21:15,20.5,20.4,20.7,20.4,-105.1,-123.9
12/15/2015 21:16,20.6,20.4,20.7,20.3,-105.1,-124
12/15/2015 21:17,20.7,20.5,20.4,20.4,-105.1,-123.9
12/15/2015 21:18,20.4,20.5,20.5,20.3,-105.1,-123.9
12/15/2015 21:19,20.6,20.5,20.4,20.5,-105.2,-124
12/15/2015 21:20,20.4,20.6,20.5,20.4,-105.3,-124
12/15/2015 21:21,20.3,20.6,20.3,20.6,-105.2,-124
12/15/2015 21:22,20.5,20.5,20.5,20.5,-105.2,-123.9
12/15/2015 21:23,20.6,20.5,20.5,20.5,-105.3,-124
12/15/2015 21:24,20.8,20.4,20.6,20.4,-105.3,-124.1
12/15/2015 21:25,20.5,20.6,20.5,20.5,-105.3,-124
12/15/2015 21:26,20.6,20.5,20.5,20.5,-105.3,-124
12/15/2015 21:27,20.8,20.3,20.8,20.2,-105.3,-124.1
12/15/2015 21:28,20.6,20.8,20.3,20.7,-105.4,-124.1
12/15/2015 21:29,20.7,20.5,20.6,20.4,-105.4,-124
12/15/2015 21:30,20.8,20.3,20.8,20.6,-105.3,-124.1
12/15/2015 21:31,20.7,20.5,20.5,20.7,-105.5,-124.2
12/15/2015 21:32,20.7,20.6,20.4,20.5,-105.5,-124.3
12/15/2015 21:33,20.6,20.5,20.6,20.5,-105.6,-124.3
12/15/2015 21:34,20.6,20.7,20.5,20.6,-105.5,-124.1
12/15/2015 21:35,20.6,20.7,20.3,20.7,-105.5,-124.2
12/15/2015 21:36,20.8,20.6,20.4,20.7,-105.6,-124.3
12/15/2015 21:37,20.6,20.4,20.7,20.3,-105.6,-124.3
12/15/2015 21:38,20.6,20.6,20.6,20.5,-105.6,-124.2
12/15/2015 21:39,20.8,20.6,20.6,20.5,-105.6,-124.3
12/15/2015 21:40,20.7,20.5,20.5,20.4,-105.6,-124.3
12/15/2015 21:41,20.6,20.6,20.7,20.5,-105.7,-124.4
12/15/2015 21:42,20.6,20.7,20.7,20.6,-105.6,-124.3
12/15/2015 21:43,20.5,20.5,20.6,20.4,-105.7,-124.3
12/15/2015 21:44,20.6,20.6,20.4,20.5,-105.8,-124.4
12/15/2015 21:45,20.8,20.2,20.7,20.7,-105.8,-124.5
12/15/2015 21:46,20.7,20.7,20.7,20.4,-105.8,-124.3
12/15/2015 21:47,20.6,20.7,20.5,20.6,-105.8,-124.3
12/15/2015 21:48,20.5,20.6,20.5,20.6,-105.9,-124.5
12/15/2015 21:49,20.7,20.5,20.4,20.7,-105.9,-124.5
12/15/2015 21:50,20.8,20.6,20.5,20.4,-105.9,-124.4
12/15/2015 21:51,20.7,20.5,20.6,20.4,-105.8,-124.4
12/15/2015 21:52,20.7,20.6,20.7,20.6,-105.9,-124.5
12/15/2015 21:53,20.7,20.3,20.4,20.7,-105.9,-124.6
12/15/2015 21:54,20.6,20.4,20.7,20.4,-105.9,-124.6
12/15/2015 21:55,20.7,20.8,20.3,20.7,-105.9,-124.5
12/15/2015 21:56,20.7,20.6,20.4,20.7,-105.9,-124.5
12/15/2015 21:57,20.6,20.7,20.3,20.7,-105.9,-124.6
12/15/2015 21:58,20.5,20.7,20.4,20.5,-106,-124.6
12/15/2015 21:59,20.5,20.7,20.3,20.5,-105.9,-124.5
12/15/2015 22:00,20.8,20.4,20.7,20.4,-105.9,-124.5
12/15/2015 22:01,20.4,20.7,20.5,20.4,-106,-124.6
12/15/2015 22:02,20.7,20.6,20.5,20.4,-106,-124.6
12/15/2015 22:03,20.6,20.2,20.8,20.4,-106,-124.6
12/15/2015 22:04,20.7,20.5,20.5,20.6,-106,-124.6
12/15/2015 22:05,20.5,20.8,20.4,20.7,-106.1,-124.7
12/15/2015 22:06,20.8,20.7,20.6,20.6,-106.2,-124.8
12/15/2015 22:07,20.6,20.5,20.7,20.5,-106.1,-124.6
12/15/2015 22:08,20.5,20.6,20.7,20.6,-106.1,-124.6
12/15/2015 22:09,20.7,20.5,20.6,20.6,-106.2,-124.8
12/15/2015 22:10,20.6,20.6,20.5,20.6,-106.3,-124.8
12/15/2015 22:11,20.7,20.7,20.6,20.5,-106.2,-124.6
12/15/2015 22:12,20.6,20.5,20.6,20.5,-106.2,-124.7
12/15/2015 22:13,20.7,20.7,20.6,20.5,-106.3,-124.8
12/15/2015 22:14,20.7,20.5,20.5,20.6,-106.3,-124.9
12/15/2015 22:15,20.7,20.6,20.5,20.6,-106.3,-124.9
12/15/2015 22:16,20.5,20.6,20.5,20.6,-106.3,-124.8
12/15/2015 22:17,20.6,20.4,20.7,20.5,-106.3,-124.8
12/15/2015 22:18,20.3,20.7,20.5,20.4,-106.3,-124.9
12/15/2015 22:19,20.6,20.5,20.7,20.3,-106.3,-124.9
12/15/2015 22:20,20.6,20.8,20.5,20.4,-106.3,-124.8
12/15/2015 22:21,20.7,20.5,20.6,20.6,-106.3,-124.9
12/15/2015 22:22,20.5,20.6,20.5,20.3,-106.4,-124.9
12/15/2015 22:23,20.7,20.5,20.6,20.5,-106.5,-124.9
12/15/2015 22:24,20.6,20.5,20.6,20.4,-106.4,-124.9
12/15/2015 22:25,20.5,20.3,20.7,20.4,-106.4,-124.9
12/15/2015 22:26,20.7,20.3,20.8,20.4,-106.5,-125
12/15/2015 22:27,20.7,20.5,20.6,20.5,-106.5,-125
12/15/2015 22:28,20.6,20.4,20.4,20.5,-106.4,-124.9
12/15/2015 22:29,20.6,20.4,20.5,20.5,-106.4,-124.9
12/15/2015 22:30,20.8,20.3,20.7,20.4,-106.5,-125
12/15/2015 22:31,20.6,20.4,20.5,20.5,-106.6,-125.1
12/15/2015 22:32,20.4,20.4,20.3,20.4,-106.5,-124.9
12/15/2015 22:33,20.4,20.5,20.6,20.3,-106.5,-124.9
12/15/2015 22:34,20.4,20.5,20.3,20.4,-106.6,-125.1
12/15/2015 22:35,20.6,20.4,20.5,20.6,-106.6,-125.2
12/15/2015 22:36,20.5,20.5,20.4,20.4,-106.6,-125.2
12/15/2015 22:37,20.4,20.6,20.5,20.3,-106.6,-125
12/15/2015 22:38,20.6,20.3,20.5,20.4,-106.6,-125.1
12/15/2015 22:39,20.6,20.6,20.3,20.5,-106.6,-125.2
12/15/2015 22:40,20.6,20.4,20.5,20.4,-106.6,-125.2
12/15/2015 22:41,20.3,20.6,20.2,20.5,-106.6,-125.1
12/15/2015 22:42,20.6,20.4,20.5,20.3,-106.6,-125.2
12/15/2015 22:43,20.7,20.5,20.5,20.4,-106.6,-125.2
12/15/2015 22:44,20.7,20.4,20.4,20.5,-106.7,-125.2
12/15/2015 22:45,20.6,20.3,20.5,20.4,-106.6,-125.1
12/15/2015 22:46,20.7,20.3,20.5,20.2,-106.7,-125.2
12/15/2015 22:47,20.4,20.6,20.2,20.5,-106.7,-125.2
12/15/2015 22:48,20.5,20.5,20.5,20.3,-106.8,-125.3
12/15/2015 22:49,20.6,20.5,20.7,20.4,-106.7,-125.2
12/15/2015 22:50,20.7,20.3,20.7,20.2,-106.7,-125.2
12/15/2015 22:51,20.4,20.7,20.3,20.5,-106.8,-125.3
12/15/2015 22:52,20.3,20.6,20.2,20.5,-106.8,-125.3
12/15/2015 22:53,20.5,20.5,20.4,20.5,-106.8,-125.2
12/15/2015 22:54,20.3,20.6,20.4,20.5,-106.8,-125.2
12/15/2015 22:55,20.3,20.5,20.3,20.5,-106.9,-125.3
12/15/2015 22:56,20.2,20.6,20.3,20.3,-106.9,-125.4
12/15/2015 22:57,20.7,20.3,20.6,20.4,-106.9,-125.4
12/15/2015 22:58,20.4,20.4,20.3,20.5,-106.8,-125.3
12/15/2015 22:59,20.4,20.5,20.5,20.4,-106.8,-125.3
12/15/2015 23:00,20.5,20.4,20.4,20.6,-106.9,-125.4
12/15/2015 23:01,20.4,20.6,20.2,20.6,-106.9,-125.4
12/15/2015 23:02,20.5,20.6,20.5,20.3,-106.9,-125.3
12/15/2015 23:03,20.5,20.5,20.5,20.4,-106.9,-125.3
12/15/2015 23:04,20.6,20.3,20.6,20.3,-106.9,-125.5
12/15/2015 23:05,20.6,20.5,20.6,20.3,-106.9,-125.5
12/15/2015 23:06,20.7,20.4,20.5,20.3,-106.9,-125.3
12/15/2015 23:07,20.5,20.5,20.5,20.3,-106.9,-125.4
12/15/2015 23:08,20.5,20.6,20.4,20.6,-106.9,-125.5
12/15/2015 23:09,20.7,20.6,20.5,20.4,-107,-125.6
12/15/2015 23:10,20.6,20.4,20.5,20.3,-107,-125.4
12/15/2015 23:11,20.6,20.3,20.5,20.3,-106.9,-125.5
12/15/2015 23:12,20.6,20.5,20.5,20.4,-107,-125.5
12/15/2015 23:13,20.7,20.5,20.5,20.4,-107.1,-125.6
12/15/2015 23:14,20.5,20.3,20.6,20.3,-107,-125.5
12/15/2015 23:15,20.4,20.4,20.6,20.4,-107,-125.5
12/15/2015 23:16,20.5,20.4,20.4,20.3,-107.1,-125.6
12/15/2015 23:17,20.7,20.2,20.7,20.1,-107.2,-125.6
12/15/2015 23:18,20.5,20.4,20.4,20.5,-107.2,-125.6
12/15/2015 23:19,20.7,20.5,20.4,20.5,-107.1,-125.6
12/15/2015 23:20,20.7,20.4,20.5,20.3,-107.1,-125.6
12/15/2015 23:21,20.8,20.2,20.5,20.3,-107.2,-125.7
12/15/2015 23:22,20.9,20.2,20.5,20.4,-107.1,-125.6
12/15/2015 23:23,20.2,20.7,20.8,20.1,-107.1,-125.5
12/15/2015 23:24,20.9,20.4,20.5,20.6,-107.1,-125.6
12/15/2015 23:25,20.4,20.5,20.4,20.3,-107.1,-125.6
12/15/2015 23:26,20.8,20.4,20.7,20.5,-107.2,-125.7
12/15/2015 23:27,20.4,20.5,20.3,20.6,-107.1,-125.6
12/15/2015 23:28,20.7,20.5,20.4,20.5,-107.1,-125.6
12/15/2015 23:29,20.7,20.4,20.4,20.3,-107.2,-125.7
12/15/2015 23:30,20.7,20.2,20.5,20.2,-107.2,-125.7
12/15/2015 23:31,20.6,20.4,20.5,20.5,-107.2,-125.6
12/15/2015 23:32,20.7,20.5,20.4,20.5,-107.2,-125.6
12/15/2015 23:33,20.6,20.4,20.5,20.3,-107.2,-125.7
12/15/2015 23:34,20.6,20.4,20.4,20.5,-107.2,-125.8
12/15/2015 23:35,20.7,20.5,20.4,20.4,-107.2,-125.6
12/15/2015 23:36,20.5,20.6,20.4,20.4,-107.2,-125.7
12/15/2015 23:37,20.5,20.4,20.5,20.3,-107.2,-125.8
12/15/2015 23:38,20.7,20.5,20.5,20.4,-107.3,-125.9
12/15/2015 23:39,20.5,20.4,20.6,20.3,-107.3,-125.9
12/15/2015 23:40,20.6,20.5,20.5,20.3,-107.2,-125.7
12/15/2015 23:41,20.8,20.1,20.7,20.6,-107.2,-125.8
12/15/2015 23:42,20.5,20.4,20.6,20.6,-107.3,-125.9
12/15/2015 23:43,20.7,20.4,20.6,20.5,-107.4,-125.9
12/15/2015 23:44,20.2,20.6,20.3,20.4,-107.3,-125.8
12/15/2015 23:45,20.6,20.4,20.4,20.5,-107.3,-125.8
12/15/2015 23:46,20.3,20.6,20.7,20.1,-107.4,-125.9
12/15/2015 23:47,20.6,20.3,20.5,20.2,-107.3,-125.9
12/15/2015 23:48,20.5,20.4,20.7,20.3,-107.3,-125.8
12/15/2015 23:49,20.7,20.4,20.5,20.4,-107.3,-125.9
12/15/2015 23:50,20.2,20.7,20.6,20.1,-107.4,-125.9
12/15/2015 23:51,20.7,20.3,20.5,20.4,-107.5,-126
12/15/2015 23:52,20.6,20.3,20.3,20.1,-107.4,-125.9
12/15/2015 23:53,20.6,20.6,20.3,20.5,-107.4,-125.9
12/15/2015 23:54,20.5,20.2,20.4,20.4,-107.5,-125.9
12/15/2015 23:55,20.4,20.3,20.5,20.3,-107.5,-125.9
12/15/2015 23:56,20.5,20.4,20.3,20.2,-107.4,-125.8
12/15/2015 23:57,20.2,20.5,20.3,20.5,-107.4,-125.8
12/15/2015 23:58,20.4,20.3,20.5,20.3,-107.5,-125.9
12/15/2015 23:59,20.5,20.3,20.4,20.3,-107.5,-126
12/16/2015 0:00,20.4,20.4,20.3,20.3,-107.5,-126
12/16/2015 0:01,20.5,20.4,20.6,20.2,-107.5,-125.9
12/16/2015 0:02,20.3,20.4,20.6,20.2,-107.5,-125.9
12/16/2015 0:03,20.4,20.3,20.4,20.3,-107.5,-126
12/16/2015 0:04,20.4,20.3,20.5,20.3,-107.5,-126
12/16/2015 0:05,20.4,20.4,20.6,20.2,-107.5,-125.9
12/16/2015 0:06,20.5,20.3,20.6,20.4,-107.5,-126
12/16/2015 0:07,20.4,20.3,20.5,20.3,-107.5,-126.1
12/16/2015 0:08,20.6,20.4,20.5,20.4,-107.5,-126.1
12/16/2015 0:09,20.2,20.5,20.4,20.2,-107.5,-125.9
12/16/2015 0:10,20.3,20.3,20.5,20.2,-107.5,-126
12/16/2015 0:11,20.5,20.3,20.1,20.4,-107.5,-126.1
12/16/2015 0:12,20.6,20.3,20.7,20.2,-107.5,-126.1
12/16/2015 0:13,20.3,20.2,20.5,20.1,-107.5,-126
12/16/2015 0:14,20.6,20.2,20.3,20.2,-107.5,-126.1
12/16/2015 0:15,20.6,20.3,20.3,20.4,-107.5,-126.1
12/16/2015 0:16,20.5,20.2,20.3,20.3,-107.6,-126.2
12/16/2015 0:17,20.7,20.1,20.7,20.4,-107.5,-126.1
12/16/2015 0:18,20.3,20.2,20.4,20.2,-107.5,-126.1
12/16/2015 0:19,20.6,20.2,20.5,20.1,-107.6,-126.2
12/16/2015 0:20,20.3,20.5,20.3,20.1,-107.6,-126.2
12/16/2015 0:21,20.4,20.3,20.5,20.2,-107.7,-126.2
12/16/2015 0:22,20.6,20.2,20.6,20.5,-107.6,-126.1
12/16/2015 0:23,20.3,20.4,20.4,20.2,-107.5,-126.1
12/16/2015 0:24,20.6,20.3,20.3,20.4,-107.6,-126.2
12/16/2015 0:25,20.3,20.5,20.3,20.3,-107.7,-126.2
12/16/2015 0:26,20.5,20.3,20.5,20.2,-107.6,-126.2
12/16/2015 0:27,20.7,20.3,20.3,20.4,-107.6,-126.2
12/16/2015 0:28,20.5,20.5,20.4,20.3,-107.7,-126.2
12/16/2015 0:29,20.5,20.2,20.7,20.3,-107.7,-126.2
12/16/2015 0:30,20.2,20.4,20.4,20.2,-107.7,-126.2
12/16/2015 0:31,20.6,20.5,20.3,20.3,-107.7,-126.2
12/16/2015 0:32,20.4,20.4,20.4,20.4,-107.7,-126.2
12/16/2015 0:33,20.5,20.3,20.3,20.5,-107.8,-126.3
12/16/2015 0:34,20.5,20.2,20.5,20.4,-107.7,-126.2
12/16/2015 0:35,20.2,20.6,20.4,20.2,-107.7,-126.2
12/16/2015 0:36,20.5,20.3,20.4,20.4,-107.8,-126.3
12/16/2015 0:37,20.6,20.2,20.2,20.6,-107.8,-126.3
12/16/2015 0:38,20.3,20.4,20.4,20.3,-107.8,-126.2
12/16/2015 0:39,20.4,20.3,20.4,20.3,-107.8,-126.3
12/16/2015 0:40,20.3,20.3,20.4,20.2,-107.8,-126.3
12/16/2015 0:41,20.6,20.3,20.4,20.5,-107.9,-126.4
12/16/2015 0:42,20.4,20.4,20.4,20.3,-107.9,-126.4
12/16/2015 0:43,20.5,20.4,20.4,20.4,-107.8,-126.2
12/16/2015 0:44,20.5,20.3,20.4,20.1,-107.8,-126.3
12/16/2015 0:45,20.4,20.3,20.3,20.3,-107.9,-126.4
12/16/2015 0:46,20.4,20.4,20.2,20.4,-107.9,-126.4
12/16/2015 0:47,20.7,20.1,20.2,20.5,-107.9,-126.3
12/16/2015 0:48,20.3,20.6,20.4,20,-107.8,-126.3
12/16/2015 0:49,20.3,20.6,20.4,20.3,-107.9,-126.3
12/16/2015 0:50,20.3,20.3,20.4,20.2,-107.9,-126.4
12/16/2015 0:51,20.1,20.4,20.5,20,-107.9,-126.3
12/16/2015 0:52,20.5,20.3,20.3,20.3,-107.9,-126.3
12/16/2015 0:53,20.3,20.3,20.5,20.2,-107.9,-126.5
12/16/2015 0:54,20.5,20.5,20.5,20.2,-107.9,-126.5
12/16/2015 0:55,20.4,20.4,20.4,20.3,-107.9,-126.3
12/16/2015 0:56,20.5,20.2,20.4,20.3,-107.9,-126.4
12/16/2015 0:57,20.6,20.2,20.6,20.5,-107.9,-126.5
12/16/2015 0:58,20.3,20.4,20.3,20.3,-107.9,-126.5
12/16/2015 0:59,20.7,20.4,20.3,20.4,-107.9,-126.4
12/16/2015 1:00,20.5,20.4,20.3,20.2,-107.9,-126.4
12/16/2015 1:01,20.3,20.4,20.5,20.4,-107.9,-126.5
12/16/2015 1:02,20.5,20.4,20.1,20.6,-108,-126.5
12/16/2015 1:03,20.4,20.3,20.5,20.1,-108,-126.5
12/16/2015 1:04,20.4,20.4,20.4,20.3,-107.9,-126.4
12/16/2015 1:05,20.3,20.1,20.6,20.1,-107.9,-126.5
12/16/2015 1:06,20.4,20.5,20.4,20.3,-108,-126.5
12/16/2015 1:07,20.5,20.5,20.4,20.3,-108,-126.5
12/16/2015 1:08,20.2,20.6,20.2,20.2,-108,-126.4
12/16/2015 1:09,20.3,20.5,20.6,20.1,-107.9,-126.5
12/16/2015 1:10,20.7,20.2,20.5,20.2,-108,-126.5
12/16/2015 1:11,20.7,20,20.8,20,-108.1,-126.6
12/16/2015 1:12,20.5,20.4,20.5,20.3,-108,-126.5
12/16/2015 1:13,20.4,20.4,20.3,20.4,-108,-126.5
12/16/2015 1:14,20.7,20.5,20.5,20.3,-108.1,-126.6
12/16/2015 1:15,20.1,20.4,20.5,20.1,-108.1,-126.6
12/16/2015 1:16,20,20.6,20.7,20,-108.1,-126.5
12/16/2015 1:17,20.4,20.4,20.4,20.4,-108,-126.5
12/16/2015 1:18,20.4,20.4,20.3,20.3,-108.1,-126.6
12/16/2015 1:19,20.7,20.2,20.6,20.4,-108.1,-126.7
12/16/2015 1:20,20.4,20.6,20.2,20.2,-108.1,-126.5
12/16/2015 1:21,20.3,20.3,20.4,20.2,-108.1,-126.5
12/16/2015 1:22,20.5,20.5,20.3,20.4,-108.1,-126.7
12/16/2015 1:23,20.7,20.3,20.1,20.6,-108.2,-126.7
12/16/2015 1:24,20.5,20.3,20.7,20.3,-108.2,-126.8
12/16/2015 1:25,20.6,20.2,20.2,20.4,-108.1,-126.6
12/16/2015 1:26,20.6,20.4,20.4,20.4,-108.1,-126.7
12/16/2015 1:27,20.3,20.5,20.1,20.1,-108.2,-126.7
12/16/2015 1:28,20.6,20.1,20.4,20.4,-108.2,-126.8
12/16/2015 1:29,20.5,20.2,20.4,20.3,-108.2,-126.6
12/16/2015 1:30,20.3,20.5,20.3,20.3,-108.2,-126.7
12/16/2015 1:31,20.6,20.2,20.5,20.4,-108.2,-126.8
12/16/2015 1:32,20.3,20.2,20.3,20.2,-108.2,-126.8
12/16/2015 1:33,20.3,20.2,20.5,20.2,-108.2,-126.7
12/16/2015 1:34,20.3,20.3,20.2,20.2,-108.2,-126.7
12/16/2015 1:35,20.3,20.3,20.3,20.2,-108.2,-126.8
12/16/2015 1:36,20.3,20.1,20.4,20.3,-108.2,-126.9
12/16/2015 1:37,20.4,20,20.3,20.3,-108.2,-126.6
12/16/2015 1:38,20.2,20.1,20.5,20.2,-108.2,-126.7
12/16/2015 1:39,20.4,20.2,20.3,20.3,-108.2,-126.8
12/16/2015 1:40,20.4,20.1,20.4,20.1,-108.2,-126.8
12/16/2015 1:41,20.4,20.4,20.4,20.2,-108.2,-126.7
12/16/2015 1:42,20.5,20.4,20.2,20.4,-108.2,-126.7
12/16/2015 1:43,20.2,20.4,20.4,20.1,-108.2,-126.9
12/16/2015 1:44,20.5,20.5,20.1,20.3,-108.3,-126.9
12/16/2015 1:45,20.4,20.3,20.4,20.2,-108.3,-126.9
12/16/2015 1:46,20.4,20.1,20.2,20.2,-108.2,-126.8
12/16/2015 1:47,20.2,20,20.3,20,-108.2,-126.8
12/16/2015 1:48,20.4,20.4,20.2,20.3,-108.3,-126.9
12/16/2015 1:49,20.5,20.2,20.2,20.4,-108.3,-126.9
12/16/2015 1:50,20.3,20,20.4,20.2,-108.3,-126.8
12/16/2015 1:51,20.6,20.5,20,20.4,-108.2,-126.8
12/16/2015 1:52,20.5,20.4,20.2,20.3,-108.3,-126.9
12/16/2015 1:53,20.1,20.1,20.4,20.2,-108.4,-126.9
12/16/2015 1:54,20.4,20.2,20.2,20.2,-108.3,-126.8
12/16/2015 1:55,20.4,20.2,20.2,20.3,-108.4,-126.9
12/16/2015 1:56,20.3,20.2,20.4,20.2,-108.4,-126.9
12/16/2015 1:57,20.4,20.2,20.3,20.2,-108.4,-126.9
12/16/2015 1:58,20.4,20.3,20.4,20.2,-108.4,-126.8
12/16/2015 1:59,20.5,20.5,20.4,20.3,-108.4,-126.9
12/16/2015 2:00,20.5,20.2,20.2,20.2,-108.5,-126.9
12/16/2015 2:01,20.3,20.1,20.1,20.4,-108.5,-126.9
12/16/2015 2:02,20.5,20.3,20.3,20.2,-108.4,-126.9
12/16/2015 2:03,20.5,20.1,20.4,20.2,-108.4,-126.9
12/16/2015 2:04,20.3,20.3,20.1,20,-108.5,-126.9
12/16/2015 2:05,20.5,20.1,20.3,20.3,-108.5,-127
12/16/2015 2:06,20.2,20.1,20.5,20.1,-108.5,-127
12/16/2015 2:07,20.4,20.4,20,20.1,-108.5,-126.9
12/16/2015 2:08,20.3,20.1,20,20.2,-108.5,-126.9
12/16/2015 2:09,20.6,20.3,20.2,20.2,-108.5,-127
12/16/2015 2:10,20.5,20.1,20.4,20.3,-108.5,-127
12/16/2015 2:11,20.5,20.4,20.2,20.4,-108.5,-126.9
12/16/2015 2:12,20.4,20.4,20.2,20.1,-108.5,-127
12/16/2015 2:13,20.3,20.2,20.3,20.2,-108.6,-127.1
12/16/2015 2:14,20.5,20,20.3,20.3,-108.6,-127.1
12/16/2015 2:15,20.4,20.1,20.5,20.4,-108.5,-126.9
12/16/2015 2:16,20.2,20.1,20.6,20.1,-108.6,-127
12/16/2015 2:17,20.3,20.2,20.2,20.2,-108.7,-127.2
12/16/2015 2:18,20.3,20.1,20.4,20.1,-108.7,-127.2
12/16/2015 2:19,20.3,20.3,20.4,20.2,-108.7,-127
12/16/2015 2:20,20.3,20.2,20.2,20,-108.7,-127.1
12/16/2015 2:21,20.4,20.2,20.2,20.3,-108.7,-127.2
12/16/2015 2:22,20.5,20.1,20,20.2,-108.7,-127.2
12/16/2015 2:23,20.5,20.3,20.4,20.2,-108.6,-127
12/16/2015 2:24,20.4,20.3,20.3,20.3,-108.6,-127.1
12/16/2015 2:25,20.4,20.4,20.3,20.2,-108.7,-127.2
12/16/2015 2:26,20.4,20.2,20.4,20.3,-108.7,-127.2
12/16/2015 2:27,20.3,20.2,20.2,20.2,-108.7,-127.2
12/16/2015 2:28,20.6,20.3,20.1,20.1,-108.6,-127.1
12/16/2015 2:29,20.2,20.3,20.4,20.1,-108.6,-127.2
12/16/2015 2:30,20.4,20.3,20.3,20.2,-108.7,-127.2
12/16/2015 2:31,20.2,20.2,20.4,20.2,-108.7,-127.2
12/16/2015 2:32,20.3,20.4,20.3,20.1,-108.7,-127.1
12/16/2015 2:33,20.3,20.1,20.2,20.3,-108.7,-127.2
12/16/2015 2:34,20.7,20.1,20.1,20.3,-108.7,-127.2
12/16/2015 2:35,20.5,20.4,20.2,20.2,-108.8,-127.2
12/16/2015 2:36,20,20.2,20.6,20,-108.7,-127.2
12/16/2015 2:37,20.3,20,20.2,20.2,-108.7,-127.2
12/16/2015 2:38,20.1,20.3,20.6,20,-108.7,-127.2
12/16/2015 2:39,20.7,20.1,20,20.5,-108.6,-127.2
12/16/2015 2:40,20,20.4,20.7,20,-108.6,-127.1
12/16/2015 2:41,20.3,20.2,20.1,20.1,-108.7,-127.2
12/16/2015 2:42,20.2,20,20.1,20.2,-108.7,-127.2
12/16/2015 2:43,20,20.1,20.4,19.9,-108.7,-127.2
12/16/2015 2:44,20.2,20.3,20.2,20,-108.6,-127.1
12/16/2015 2:45,20.2,20.1,20.1,20.1,-108.6,-127.2
12/16/2015 2:46,20.4,20.1,20.1,20.2,-108.7,-127.2
12/16/2015 2:47,20.2,20,20.2,20.2,-108.8,-127.3
12/16/2015 2:48,20.3,20.1,20.3,20.2,-108.8,-127.4
12/16/2015 2:49,20.3,20.2,20.2,20,-108.8,-127.2
12/16/2015 2:50,20.4,20.2,20.1,20.2,-108.8,-127.2
12/16/2015 2:51,20,20.3,20.4,19.9,-108.8,-127.3
12/16/2015 2:52,20.4,20.2,20.2,20.1,-108.8,-127.4
12/16/2015 2:53,20.3,20.3,20.2,20.2,-108.7,-127.2
12/16/2015 2:54,20.4,20.3,20.2,20.1,-108.7,-127.2
12/16/2015 2:55,20.3,20.1,20.2,20.2,-108.8,-127.3
12/16/2015 2:56,20.2,20.1,20.2,20.1,-108.8,-127.4
12/16/2015 2:57,20.4,20,20.3,20.1,-108.8,-127.2
12/16/2015 2:58,20.2,20.2,20.3,20,-108.7,-127.3
12/16/2015 2:59,20.1,20.1,20.3,20.1,-108.8,-127.4
12/16/2015 3:00,20.5,20,20.1,20.3,-108.8,-127.4
12/16/2015 3:01,20.5,20.2,19.9,20.2,-108.8,-127.2
12/16/2015 3:02,20.1,20.2,20.5,20.1,-108.8,-127.3
12/16/2015 3:03,20.2,20,20.4,20.2,-108.8,-127.4
12/16/2015 3:04,20,20.2,20.5,20,-108.8,-127.5
12/16/2015 3:05,20.4,20.2,20.1,20.1,-108.8,-127.3
12/16/2015 3:06,20.3,20.2,20.1,20.2,-108.8,-127.4
12/16/2015 3:07,20,20.1,20.4,20.1,-108.8,-127.5
12/16/2015 3:08,20.6,20.2,20,20.2,-108.9,-127.5
12/16/2015 3:09,20.3,20.1,20.3,20.1,-108.9,-127.5
12/16/2015 3:10,20,20,20.4,20,-108.8,-127.4
12/16/2015 3:11,20.3,20.2,20.2,20.1,-108.8,-127.4
12/16/2015 3:12,20.3,20.2,20.1,20,-108.8,-127.5
12/16/2015 3:13,20.2,20.2,20.3,20.2,-108.9,-127.5
12/16/2015 3:14,20.3,20,20.2,20.3,-108.8,-127.4
12/16/2015 3:15,20.3,20,20.3,20.2,-108.8,-127.4
12/16/2015 3:16,20.2,20.2,20.2,20.1,-108.9,-127.5
12/16/2015 3:17,20.5,20.1,20.1,20.2,-108.9,-127.5
12/16/2015 3:18,20.2,20.1,20.2,20,-108.8,-127.5
12/16/2015 3:19,20.4,20.2,20.3,20.2,-108.8,-127.5
12/16/2015 3:20,20.2,20.1,20.3,20,-108.9,-127.5
12/16/2015 3:21,20.4,20.1,20.1,20,-108.9,-127.5
12/16/2015 3:22,20.4,20.1,20.2,20.2,-108.8,-127.4
12/16/2015 3:23,20.1,20.1,20.4,20,-108.9,-127.5
12/16/2015 3:24,20,20,20.3,20.2,-108.9,-127.5
12/16/2015 3:25,20.2,20.3,20.1,20.1,-109,-127.6
12/16/2015 3:26,20.2,20.3,20.3,20.2,-108.9,-127.5
12/16/2015 3:27,20.4,20.2,20.2,20,-108.9,-127.5
12/16/2015 3:28,20.3,20.2,20.2,20.2,-109,-127.5
12/16/2015 3:29,20.1,20.3,20.2,19.9,-109,-127.5
12/16/2015 3:30,20.3,20.2,20.2,20,-109.1,-127.5
12/16/2015 3:31,20.2,20.3,20.3,20,-109,-127.5
12/16/2015 3:32,20.3,20.1,20.2,20.3,-109,-127.5
12/16/2015 3:33,20.2,20.1,20.2,20.2,-109,-127.6
12/16/2015 3:34,20.2,20.3,20.2,20,-109.1,-127.6
12/16/2015 3:35,20.4,20,20.4,20.3,-109,-127.5
12/16/2015 3:36,20.4,20.2,20.1,20,-109,-127.5
12/16/2015 3:37,20,20.2,20.4,20.1,-109.1,-127.6
12/16/2015 3:38,20.1,20.2,20.4,20,-109.1,-127.7
12/16/2015 3:39,20.1,20.3,20.4,20,-109.1,-127.5
12/16/2015 3:40,20.1,20.2,20.6,20,-109,-127.5
12/16/2015 3:41,20.2,20.2,20.1,20,-109.1,-127.6
12/16/2015 3:42,20.5,20.3,20,20.3,-109.1,-127.7
12/16/2015 3:43,20.2,20,20.4,20.2,-109.1,-127.5
12/16/2015 3:44,20.5,20.1,20,20.3,-109.1,-127.5
12/16/2015 3:45,20.3,20.2,20.1,20,-109.1,-127.6
12/16/2015 3:46,20.6,20.2,20,20,-109.1,-127.7
12/16/2015 3:47,20.5,20,20.1,20.1,-109.1,-127.6
12/16/2015 3:48,20.5,20.3,20.1,20,-109.1,-127.6
12/16/2015 3:49,20.4,20,20.4,20.2,-109.1,-127.7
12/16/2015 3:50,20,20.1,20.4,20.1,-109.2,-127.7
12/16/2015 3:51,20.2,19.9,20.3,20.3,-109.2,-127.7
12/16/2015 3:52,20.4,20.1,20.1,20.3,-109.1,-127.6
12/16/2015 3:53,20.5,20.1,20,20,-109.1,-127.6
12/16/2015 3:54,20.2,20.1,20.4,20.1,-109.2,-127.7
12/16/2015 3:55,20.1,20,20.4,20.3,-109.2,-127.8
12/16/2015 3:56,20.2,20.2,20.2,20,-109.1,-127.6
12/16/2015 3:57,20.1,20.2,20.4,20.2,-109.1,-127.6
12/16/2015 3:58,20.3,19.9,20.2,20.4,-109.2,-127.7
12/16/2015 3:59,20.4,20.3,20.2,20,-109.2,-127.8
12/16/2015 4:00,20.3,20,20.2,20.2,-109.2,-127.7
12/16/2015 4:01,20.3,20.1,20.2,20.1,-109.2,-127.7
12/16/2015 4:02,20.4,20,20.2,20.2,-109.2,-127.8
12/16/2015 4:03,20.4,20.2,20.3,20,-109.2,-127.8
12/16/2015 4:04,20.6,20,20,20.2,-109.2,-127.7
12/16/2015 4:05,20.6,20.2,20,20.1,-109.2,-127.7
12/16/2015 4:06,20.2,20.3,20.3,20,-109.2,-127.8
12/16/2015 4:07,20.5,20.3,20.1,20,-109.2,-127.8
12/16/2015 4:08,20.4,20.2,20.3,20,-109.2,-127.7
12/16/2015 4:09,20.3,20.1,20.4,20.1,-109.2,-127.7
12/16/2015 4:10,20.2,20.2,20.5,20.1,-109.2,-127.8
12/16/2015 4:11,20.5,20.1,20,20.1,-109.2,-127.8
12/16/2015 4:12,20.2,20.2,20.1,20,-109.3,-127.8
12/16/2015 4:13,20.2,20.1,20.2,20.1,-109.2,-127.7
12/16/2015 4:14,20,19.9,20.2,20.2,-109.2,-127.8
12/16/2015 4:15,20.5,20.1,20.2,20.2,-109.3,-127.8
12/16/2015 4:16,20.3,20.3,20,20.1,-109.3,-127.8
12/16/2015 4:17,20.3,20,20.1,20.3,-109.2,-127.8
12/16/2015 4:18,20.2,20.2,20.2,20.1,-109.2,-127.8
12/16/2015 4:19,20.2,20.1,20.2,20.3,-109.2,-127.8
12/16/2015 4:20,20.1,20.2,20.4,20,-109.3,-127.9
12/16/2015 4:21,20.3,20,20.2,20.1,-109.3,-127.8
12/16/2015 4:22,20.2,20.3,20.2,20,-109.2,-127.8
12/16/2015 4:23,19.9,20.2,20.5,20.2,-109.3,-127.8
12/16/2015 4:24,20.5,20.2,20.2,20.1,-109.3,-127.9
12/16/2015 4:25,20.3,20.2,20.2,20,-109.3,-127.8
12/16/2015 4:26,20.2,20,20.1,20.2,-109.3,-127.8
12/16/2015 4:27,20.3,20.3,20.1,19.9,-109.3,-127.9
12/16/2015 4:28,20.3,20.4,20.2,19.9,-109.4,-127.9
12/16/2015 4:29,20.3,20.2,20.1,20.1,-109.3,-127.8
12/16/2015 4:30,20.3,20.1,20.6,20.1,-109.3,-127.8
12/16/2015 4:31,20.1,20.2,20.3,20,-109.3,-127.9
12/16/2015 4:32,20,20.1,20.1,20,-109.4,-128
12/16/2015 4:33,20.2,20,20.1,20.1,-109.4,-128
12/16/2015 4:34,20.3,20.1,20,20,-109.3,-127.8
12/16/2015 4:35,20,20,20.2,20.2,-109.3,-127.8
12/16/2015 4:36,20.4,20,19.9,20.1,-109.4,-127.9
12/16/2015 4:37,20.1,20.2,20.1,20.1,-109.4,-128
12/16/2015 4:38,20.1,20,20.1,20.1,-109.3,-127.8
12/16/2015 4:39,20.1,20.2,20.2,20,-109.3,-127.9
12/16/2015 4:40,20.2,20.2,20.1,19.8,-109.4,-128
12/16/2015 4:41,20.2,19.9,20,20.1,-109.4,-128
12/16/2015 4:42,20.2,20,20,20.1,-109.3,-127.9
12/16/2015 4:43,20,20.1,20.3,20.1,-109.3,-127.9
12/16/2015 4:44,20.2,20,20.1,20,-109.4,-128
12/16/2015 4:45,20.2,20,20,20,-109.5,-128.1
12/16/2015 4:46,20.2,20,20,20,-109.4,-127.9
12/16/2015 4:47,20.1,20.2,20,19.9,-109.4,-127.9
12/16/2015 4:48,20,20.3,20.4,19.9,-109.4,-128
12/16/2015 4:49,20.2,20.1,20.2,20,-109.4,-128.1
12/16/2015 4:50,20.4,20.1,19.9,20,-109.3,-128
12/16/2015 4:51,20,20.1,20.1,20.1,-109.4,-128
12/16/2015 4:52,20.1,20,20.1,20,-109.4,-128.1
12/16/2015 4:53,20.1,20.1,20.1,20,-109.4,-128.1
12/16/2015 4:54,20.2,20.2,20.2,20,-109.4,-128.1
12/16/2015 4:55,20.2,20,20,20.2,-109.3,-127.9
12/16/2015 4:56,20,20.2,20.2,20,-109.3,-127.9
12/16/2015 4:57,20.1,20.1,20.2,19.9,-109.4,-128.1
12/16/2015 4:58,20.2,19.9,20.1,20.1,-109.5,-128.1
12/16/2015 4:59,20,20.2,20.5,19.9,-109.4,-127.9
12/16/2015 5:00,20.1,20.2,20.4,20,-109.3,-128
12/16/2015 5:01,20.2,20,20.2,20.1,-109.4,-128.1
12/16/2015 5:02,19.9,20,20.2,20.2,-109.4,-128.1
12/16/2015 5:03,20.4,19.9,19.9,20.1,-109.4,-127.9
12/16/2015 5:04,20,20.2,20.3,20.1,-109.3,-128
12/16/2015 5:05,20.2,20,20,20,-109.4,-128.1
12/16/2015 5:06,20.3,20,20,20,-109.4,-128.1
12/16/2015 5:07,20.1,20.1,20.2,20.2,-109.4,-128
12/16/2015 5:08,20.2,20.1,20.1,20.1,-109.4,-128
12/16/2015 5:09,20.1,20,20.2,20,-109.5,-128.1
12/16/2015 5:10,20.1,20.1,20.1,20,-109.5,-128.1
12/16/2015 5:11,20.4,20.1,20,20,-109.4,-127.9
12/16/2015 5:12,20.2,20,20.1,20,-109.4,-128
12/16/2015 5:13,20,20.1,20.2,20,-109.5,-128.1
12/16/2015 5:14,20,20,20.3,20.1,-109.5,-128.1
12/16/2015 5:15,20.1,20.1,20.2,20,-109.5,-128.1
12/16/2015 5:16,20.1,20.1,20.2,20,-109.5,-128
12/16/2015 5:17,20.2,19.9,20.2,20.2,-109.5,-128.1
12/16/2015 5:18,20,20,20.1,20.2,-109.5,-128.1
12/16/2015 5:19,20.4,19.9,19.9,20.1,-109.5,-128.1
12/16/2015 5:20,20.3,20,20,20,-109.5,-128
12/16/2015 5:21,20.1,20,20.1,20.1,-109.5,-128
12/16/2015 5:22,19.9,20,20.3,20.1,-109.5,-128.1
12/16/2015 5:23,20,19.9,20.2,20.2,-109.5,-128.1
12/16/2015 5:24,20.2,20.2,20.2,20.1,-109.5,-128
12/16/2015 5:25,20.1,20.2,20.4,20.1,-109.5,-128.1
12/16/2015 5:26,20,20,20.2,20.2,-109.5,-128.1
12/16/2015 5:27,20.2,20.1,20.2,20,-109.6,-128.1
12/16/2015 5:28,20.1,20.2,20.2,20,-109.5,-128.1
12/16/2015 5:29,20,19.9,20.1,20.2,-109.5,-128.1
12/16/2015 5:30,20.2,20,20.1,20,-109.5,-128.1
12/16/2015 5:31,20.3,19.8,19.9,20.1,-109.6,-128.2
12/16/2015 5:32,20.1,20.1,20.1,20.1,-109.5,-128.1
12/16/2015 5:33,20.2,20,20.1,20.1,-109.5,-128.1
12/16/2015 5:34,20.3,20,20.1,20,-109.6,-128.1
12/16/2015 5:35,20.2,20.1,20.2,19.9,-109.6,-128.2
12/16/2015 5:36,20.1,20.1,20.2,20,-109.6,-128.3
12/16/2015 5:37,20.2,20,20,19.9,-109.5,-128.1
12/16/2015 5:38,20.3,20,20.1,20,-109.5,-128.1
12/16/2015 5:39,20,20.1,20.3,20,-109.6,-128.2
12/16/2015 5:40,20,19.9,20.1,20,-109.6,-128.2
12/16/2015 5:41,20.4,20.1,20.1,20.1,-109.5,-128.1
12/16/2015 5:42,20.3,20.3,20.2,19.9,-109.5,-128.1
12/16/2015 5:43,20.1,20,20,20,-109.6,-128.2
12/16/2015 5:44,20.3,20.4,20.5,19.8,-109.6,-128.3
12/16/2015 5:45,20.3,20.1,20,20,-109.6,-128.1
12/16/2015 5:46,20,20,20,20.1,-109.5,-128.1
12/16/2015 5:47,20.2,20.1,20.3,20,-109.6,-128.2
12/16/2015 5:48,20.3,20.2,20.3,19.9,-109.6,-128.3
12/16/2015 5:49,20,20,20.1,20.1,-109.6,-128.1
12/16/2015 5:50,20.2,20,20.1,20,-109.5,-128.1
12/16/2015 5:51,20.2,20.2,20.1,19.9,-109.6,-128.2
12/16/2015 5:52,20.1,20.1,20.3,20.1,-109.7,-128.3
12/16/2015 5:53,20.2,20.2,20,20,-109.6,-128.1
12/16/2015 5:54,20.1,20.1,20.3,20,-109.5,-128.1
12/16/2015 5:55,20.4,20.1,20.2,19.9,-109.6,-128.2
12/16/2015 5:56,20.4,20.2,20,20,-109.7,-128.3
12/16/2015 5:57,20,20.1,20.2,19.9,-109.7,-128.3
12/16/2015 5:58,20,20.2,20.3,20,-109.6,-128.2
12/16/2015 5:59,20.1,20.1,20.3,20.1,-109.6,-128.2
12/16/2015 6:00,20,19.9,20,20.1,-109.6,-128.3
12/16/2015 6:01,20.3,20,20,20.1,-109.7,-128.3
12/16/2015 6:02,20.1,20,20.3,20.1,-109.6,-128.2
12/16/2015 6:03,20.2,20.3,20.3,19.9,-109.6,-128.2
12/16/2015 6:04,20.1,20.1,20.1,20.1,-109.6,-128.3
12/16/2015 6:05,20.2,20.1,20,20,-109.7,-128.4
12/16/2015 6:06,20.4,19.9,20,20.1,-109.6,-128.2
12/16/2015 6:07,20.3,20.1,20.1,19.9,-109.5,-128.2
12/16/2015 6:08,20.2,20,20,20,-109.6,-128.3
12/16/2015 6:09,20.2,20.2,20.2,20,-109.6,-128.3
12/16/2015 6:10,20,20,20.1,20,-109.5,-128.2
12/16/2015 6:11,20.1,20.3,20.2,20,-109.5,-128.2
12/16/2015 6:12,20.3,20,20.3,20,-109.6,-128.4
12/16/2015 6:13,20,19.9,20,20.1,-109.6,-128.4
12/16/2015 6:14,20.3,20,20.2,20.1,-109.6,-128.2
12/16/2015 6:15,20,19.9,20.3,20.1,-109.6,-128.3
12/16/2015 6:16,20.1,20.1,20.1,20,-109.6,-128.4
12/16/2015 6:17,20.1,20,20,20.1,-109.7,-128.4
12/16/2015 6:18,20.1,20,20.3,20,-109.6,-128.4
12/16/2015 6:19,20.3,20.1,20.2,20.1,-109.5,-128.3
12/16/2015 6:20,20.2,20.1,20.3,20.1,-109.6,-128.3
12/16/2015 6:21,20.5,20.3,20.2,20,-109.6,-128.3
12/16/2015 6:22,20,19.9,20.2,20,-109.6,-128.4
12/16/2015 6:23,20.3,20.2,20.1,20,-109.6,-128.3
12/16/2015 6:24,20,20,20.3,20.1,-109.6,-128.3
12/16/2015 6:25,20.1,20.1,20.4,20.2,-109.6,-128.4
12/16/2015 6:26,20.4,20.1,20.2,19.8,-109.7,-128.4
12/16/2015 6:27,20.3,19.7,19.8,20.2,-109.6,-128.2
12/16/2015 6:28,20.1,20.1,20.2,20.1,-109.6,-128.3
12/16/2015 6:29,20.2,20.2,20.4,20,-109.7,-128.4
12/16/2015 6:30,20.2,20,20.2,20,-109.7,-128.5
12/16/2015 6:31,20.4,20.1,20.2,19.9,-109.6,-128.3
12/16/2015 6:32,20,20.1,20.1,20.1,-109.6,-128.3
12/16/2015 6:33,20.3,20.3,20.4,19.9,-109.7,-128.4
12/16/2015 6:34,20.1,20.3,20,20,-109.7,-128.5
12/16/2015 6:35,20.1,20.1,20.3,20.2,-109.7,-128.3
12/16/2015 6:36,20.4,20.2,20.3,20,-109.6,-128.3
12/16/2015 6:37,20.1,20,20.3,20.1,-109.7,-128.4
12/16/2015 6:38,20.4,20,20.1,20,-109.7,-128.5
12/16/2015 6:39,20.3,20,20,20,-109.7,-128.5
12/16/2015 6:40,20.4,20.1,20,20,-109.7,-128.3
12/16/2015 6:41,20.3,20.1,20,20,-109.7,-128.3
12/16/2015 6:42,20.3,19.9,20,20.1,-109.7,-128.5
12/16/2015 6:43,20,20.1,20,20,-109.8,-128.5
12/16/2015 6:44,20.3,20.2,20.2,20,-109.7,-128.3
12/16/2015 6:45,20.4,20,20,19.9,-109.7,-128.4
12/16/2015 6:46,20.2,20,20.2,20,-109.7,-128.4
12/16/2015 6:47,20.2,20.3,20.2,20,-109.8,-128.5
12/16/2015 6:48,20.5,20.1,20,19.9,-109.7,-128.4
12/16/2015 6:49,20.1,20.3,20.4,20.1,-109.7,-128.4
12/16/2015 6:50,20.3,20.4,20.4,20,-109.8,-128.5
12/16/2015 6:51,20.4,20.1,20.2,20,-109.8,-128.5
12/16/2015 6:52,20.1,20.2,20.2,20,-109.7,-128.3
12/16/2015 6:53,20,19.9,20,20.2,-109.7,-128.4
12/16/2015 6:54,20.4,20.3,20.2,20,-109.8,-128.5
12/16/2015 6:55,20.2,19.9,20.1,20,-109.8,-128.5
12/16/2015 6:56,20.1,20,20.1,20.1,-109.8,-128.4
12/16/2015 6:57,20.5,20.1,20.1,19.9,-109.7,-128.4
12/16/2015 6:58,20.4,20.4,20.5,20,-109.8,-128.5
12/16/2015 6:59,20,20.1,20.2,20.1,-109.8,-128.5
12/16/2015 7:00,20,20.3,20.6,20.2,-109.8,-128.5
12/16/2015 7:01,20.1,20.1,20.1,19.9,-109.8,-128.4
12/16/2015 7:02,20.3,20.3,20.3,20,-109.8,-128.4
12/16/2015 7:03,19.9,20,20.1,20.2,-109.8,-128.5
12/16/2015 7:04,20.1,19.9,19.8,20,-109.8,-128.5
12/16/2015 7:05,20,20,20,20.1,-109.8,-128.4
12/16/2015 7:06,20.3,20.4,20.6,20,-109.8,-128.4
12/16/2015 7:07,20,20,20.2,20.2,-109.8,-128.5
12/16/2015 7:08,20.1,20,20.3,20,-109.8,-128.5
12/16/2015 7:09,20.2,20.1,20.1,20,-109.8,-128.4
12/16/2015 7:10,20.4,20,20.1,20.1,-109.8,-128.5
12/16/2015 7:11,20.2,20.2,20.3,20.1,-109.8,-128.5
12/16/2015 7:12,20.3,20,20.2,20,-109.8,-128.5
12/16/2015 7:13,20.1,20.1,20.4,20.1,-109.8,-128.4
12/16/2015 7:14,20.3,20.1,20.1,20,-109.8,-128.4
12/16/2015 7:15,20.1,20,20.1,20.1,-109.8,-128.5
12/16/2015 7:16,20.3,20,20.2,20.1,-109.8,-128.5
12/16/2015 7:17,20.1,20,20,20,-109.8,-128.4
12/16/2015 7:18,20.3,20,20.2,20,-109.8,-128.5
12/16/2015 7:19,20.3,20.1,20.3,20,-109.8,-128.5
12/16/2015 7:20,20.1,20,20.1,20.1,-109.8,-128.5
12/16/2015 7:21,20.2,20.1,20.2,20,-109.8,-128.6
12/16/2015 7:22,20,20.1,20.5,20.1,-109.8,-128.5
12/16/2015 7:23,20.6,20.3,20.4,19.9,-109.8,-128.5
12/16/2015 7:24,20,20,20.3,20.1,-109.8,-128.5
12/16/2015 7:25,20.1,19.9,19.9,20,-109.8,-128.5
12/16/2015 7:26,20.1,20,20.2,20,-109.8,-128.5
12/16/2015 7:27,20.3,20.1,20.3,20,-109.8,-128.5
12/16/2015 7:28,20.1,20.2,20.3,20.1,-109.8,-128.5
12/16/2015 7:29,20.3,20,20.1,20,-109.8,-128.6
12/16/2015 7:30,20.3,20,20.1,20.2,-109.8,-128.5
12/16/2015 7:31,20.3,20.1,20,20,-109.8,-128.5
12/16/2015 7:32,20,19.9,20.1,20.1,-109.8,-128.5
12/16/2015 7:33,20.3,20.1,20.1,19.9,-109.8,-128.6
12/16/2015 7:34,20.1,20.1,20.3,20.1,-109.8,-128.5
12/16/2015 7:35,20.2,20.2,20.1,20.1,-109.8,-128.5
12/16/2015 7:36,20.2,20,20.3,20,-109.7,-128.5
12/16/2015 7:37,20.2,20,20.1,20,-109.6,-128.5
12/16/2015 7:38,20.1,20.1,20.4,20.1,-109.4,-128.3
12/16/2015 7:39,20.1,20,20.5,20.3,-109.2,-128.2
12/16/2015 7:40,20.3,20.1,20,20,-109,-128.2
12/16/2015 7:41,20.1,20,20.1,20.1,-108.8,-128.2
12/16/2015 7:42,20.5,20.4,20.2,20.1,-108.6,-128.1
12/16/2015 7:43,20.4,20.2,20.1,19.9,-108.3,-127.9
12/16/2015 7:44,20,20,20,20.1,-108.1,-127.8
12/16/2015 7:45,20.3,20.2,20.3,20,-107.9,-127.9
12/16/2015 7:46,20.1,19.9,20.1,20.2,-107.8,-127.8
12/16/2015 7:47,20.1,20,20.1,20.2,-107.5,-127.5
12/16/2015 7:48,20.1,20.3,20.4,20,-107.4,-127.5
12/16/2015 7:49,20.2,20.2,20.4,20.2,-107.2,-127.5
12/16/2015 7:50,20.2,20.2,20.4,20,-107.1,-127.5
12/16/2015 7:51,20.3,20.2,20.5,20.2,-106.9,-127.2
12/16/2015 7:52,20.6,20.4,20.4,20.1,-106.7,-127.2
12/16/2015 7:53,20.4,20.3,20.2,20,-106.6,-127.1
12/16/2015 7:54,20.3,20,20.3,20.4,-106.4,-127.1
12/16/2015 7:55,20,20.5,20.7,20,-106.2,-126.9
12/16/2015 7:56,20.4,20.2,20.5,20.3,-106.1,-126.8
12/16/2015 7:57,20.4,20.1,20.4,20.3,-105.9,-126.8
12/16/2015 7:58,20.3,20.5,20.5,20,-105.9,-126.7
12/16/2015 7:59,20.8,20.5,20.1,20.1,-105.7,-126.5
12/16/2015 8:00,20.4,20.1,20.5,20.5,-105.6,-126.4
12/16/2015 8:01,20.2,20.5,20.6,20.1,-105.5,-126.4
12/16/2015 8:02,20.4,20.5,20.5,20.2,-105.3,-126.3
12/16/2015 8:03,20.5,20.5,20.7,20.4,-105.3,-126.2
12/16/2015 8:04,20.2,20.7,20.8,20.1,-105,-125.9
12/16/2015 8:05,20.4,20.6,20.6,20.3,-104.9,-125.9
12/16/2015 8:06,20.6,20.5,20.6,20.4,-104.8,-125.9
12/16/2015 8:07,20.6,20.7,20.6,20.5,-104.7,-125.8
12/16/2015 8:08,21,20.3,20.5,20.7,-104.6,-125.6
12/16/2015 8:09,20.5,20.5,20.5,20.4,-104.5,-125.5
12/16/2015 8:10,20.3,20.6,20.7,20.2,-104.4,-125.5
12/16/2015 8:11,20.7,20.7,20.7,20.6,-104.3,-125.4
12/16/2015 8:12,20.9,20.4,20.7,20.6,-104.2,-125.2
12/16/2015 8:13,20.8,20.7,20.7,20.6,-104,-125.1
12/16/2015 8:14,20.9,20.5,20.8,20.7,-104,-125
12/16/2015 8:15,20.8,20.9,20.8,20.8,-103.9,-124.9
12/16/2015 8:16,21.2,20.7,20.7,20.7,-103.7,-124.7
12/16/2015 8:17,20.9,20.7,20.7,20.6,-103.6,-124.6
12/16/2015 8:18,20.7,20.7,20.8,20.7,-103.5,-124.6
12/16/2015 8:19,21,20.6,21.1,20.5,-103.4,-124.6
12/16/2015 8:20,20.9,20.8,20.7,20.9,-103.4,-124.4
12/16/2015 8:21,20.9,20.8,20.8,20.8,-103.4,-124.4
12/16/2015 8:22,20.7,21,20.7,20.8,-103.6,-124.4
12/16/2015 8:23,21.2,20.9,21.1,20.8,-103.7,-124.5
12/16/2015 8:24,20.9,21,20.8,21,-104,-124.4
12/16/2015 8:25,20.8,21.1,20.8,21.1,-104,-124.3
12/16/2015 8:26,21,21.1,20.9,21,-104,-124.3
12/16/2015 8:27,21.1,20.8,21.2,20.8,-104,-124.3
12/16/2015 8:28,21,20.9,20.9,20.9,-103.9,-124.2
12/16/2015 8:29,21,21.2,20.9,21.2,-103.7,-123.9
12/16/2015 8:30,21.3,20.9,21.2,20.9,-103.5,-123.9
12/16/2015 8:31,21.2,20.9,21.3,20.9,-103.5,-123.9
12/16/2015 8:32,21.1,21.2,21.2,21,-103.5,-123.8
12/16/2015 8:33,21,21.3,21.1,21.3,-103.6,-123.7
12/16/2015 8:34,21.3,20.9,21.3,21,-103.7,-123.8
12/16/2015 8:35,21.1,21,21.2,20.9,-103.9,-123.9
12/16/2015 8:36,21.3,21.2,21.3,21.1,-104,-123.9
12/16/2015 8:37,21.3,21.2,21.1,21.1,-104,-123.8
12/16/2015 8:38,21.2,21.1,21.3,21.1,-104,-123.7
12/16/2015 8:39,21,21.3,20.9,21.2,-105.6,-123.4
12/16/2015 8:40,21.4,21.3,21,21.3,-105.6,-123.3
12/16/2015 8:41,21.5,20.8,21.5,21.1,-106.7,-124
12/16/2015 8:42,21.3,21,21.3,21,40.7,-167.4
12/16/2015 8:43,21.5,21.2,21.5,21,40.5,-176.4
12/16/2015 8:44,21.4,21.3,21.5,21.2,18.4,-131
12/16/2015 8:45,21.5,21.2,21.6,21.1,438.3,129.5
12/16/2015 8:46,21.3,21.3,21.5,21,415.4,431.6
12/16/2015 8:47,21.3,21.1,21.4,21,415.4,349.6
12/16/2015 8:48,21.3,21.1,21.4,21,415.4,349.6
12/16/2015 8:49,21.4,21.5,21.3,21.2,415.4,285.1
12/16/2015 8:50,21.5,21.5,21.2,21.5,554.9,237.6
12/16/2015 8:51,21.6,21.3,21.5,21.5,208,194.9
12/16/2015 8:52,21.7,21.5,21.3,21.5,124.8,139.8
12/16/2015 8:53,21.4,21.4,21.5,21.3,117.8,117.8
12/16/2015 8:54,21.5,21.4,21.4,21.4,62.4,62.4
12/16/2015 8:55,21.4,21.3,21.3,21.3,191.4,191.3
12/16/2015 8:56,21.5,21.6,21.4,21.3,96.9,94.9
12/16/2015 8:57,21.6,21.4,21.5,21.4,1.5,1.4
12/16/2015 8:58,21.4,21.5,21.5,21.6,0.4,0.4
12/16/2015 8:59,21.4,21.5,21.4,21.4,0.3,0.3
12/16/2015 9:00,21.6,21.3,21.5,21.3,0.3,0.3
12/16/2015 9:01,21.3,21.5,21.5,21.2,0.2,0.3
12/16/2015 9:02,21.5,21.7,21.5,21.4,0.2,0.2
12/16/2015 9:03,21.3,21.7,21.6,21.1,0.1,0.2
12/16/2015 9:04,21.6,21.5,21.6,21.5,0.1,0.1
12/16/2015 9:05,21.5,21.5,21.6,21.5,0,0
12/16/2015 9:06,21.4,21.6,21.5,21.2,0,0
12/16/2015 9:07,21.8,21.4,21.5,21.6,0,0
12/16/2015 9:08,21.6,21.3,21.6,21.6,0,0
12/16/2015 9:09,21.5,21.6,21.5,21.5,0,0
12/16/2015 9:10,21.5,21.3,21.7,21.6,0,0
